Therapeutic Segment,Product Name,Brand Name,Generic Name,Pack,Label Claim
Analgesic,Paino 100 mg Tablet,Paino,Aceclofenac,100's,Aceclofenac 100 mg Tablet
Anthelmintic,Alben-DS 400 mg Tablet,Alben-DS,Albendazole,48's & 100's,Albendazole 400 mg Tablet
Anthelmintic,Alben 10 mL Suspension,Alben,Albendazole,10 mL,Albendazole 400 mg Tablet
Urogenital,Zatral 10 mg Tablet,Zatral,Alfuzosin,24's,Alfuzosin 10 mg Tablet
Cough & cold preparation,Amboten 15 mL Paediatric Drops,Amboten,Ambroxol,15 mL,Ambroxol Hydrochloride 6 mg per mL Paediatric Drops
Cough & cold preparation,Amboten 100 mL Syrup,Amboten,Ambroxol,100 mL,Ambroxol Hydrochloride 15 mg per 5 mL Syrup
IV Nutrition,Protinex Ultra 5/10 IV Infusion,Protinex,Amino Acid + Dextrose + Eloctrolytes,1's,Amino Acid 5% + Dextrose 10% + Electrolytes per 500 mL Infusion in Double Chamber Bag
IV Nutrition,Protinex 500 mL Infusion,Protinex,Amino Acid + D-Sorbitol + Eloctrolytes,1's,Amino Acid 5% + D-Sorbitol 10% + Electrolytes per 500 mL Infusion Bag
Stomatological,Sorex 5 g Oral Paste,Sorex,Amlexanox ,5 g,Amlexanox 50 mg per gm Oral Paste
Antihypertensive,Sidopin 5 mg Tablet,Sidopin,Amlodipine ,50's,Amlodipine 5 mg Tablet
Antihypertensive,Sidoplus 25 mg Tablet,Sidoplus,Amlodipine + Atenolol,40's,Amlodipine 5 mg + Atenolol 25 mg per Tablet
Antihypertensive,Sidoplus 50 mg Tablet                      ,Sidoplus,Amlodipine + Atenolol,50's,Amlodipine 5 mg + Atenolol 50 mg per Tablet
Antibiotics,Sk-Mox 250 mg Capsule,Sk-Mox,Amoxicillin,100's,Amoxicillin Trihydrate 250 mg Capsule
Antibiotics,Sk-Mox 500 mg Capsule,Sk-Mox,Amoxicillin,48's,Amoxicillin Trihydrate 500 mg Capsule
Antibiotics,Sk-Mox 15 mL Paediatric Drops,Sk-Mox,Amoxicillin,15 mL,Amoxicillin 125 mg per 1.25 mL Paediatric Drops
Antibiotics,Sk-Mox 100 mL Dry Suspension,Sk-Mox,Amoxicillin,100 mL,Amoxicillin 125 mg per 5 mL Suspension
Antibiotics,Sk-Mox DS 100 mL Dry Suspension,Sk-Mox,Amoxicillin,100 mL,Amoxicillin 250 mg per 5 mL Suspension
Vitamin & Mineral,Hi - C 100 mL Syrup,Hi,Ascorbic Acid,100 mL,Ascorbic Acid 100 mg per 5 mL Syrup
Vitamin & Mineral,Juci 0.50 g Powder for Solution,Juci,Ascorbic Acid,20's,Ascorbic Acid 500 mg per sachet
Vitamin & Mineral,Juci Diet 0.50 g Powder for Solution,Juci Diet,Ascorbic Acid,20's,Ascorbic Acid 500 mg per sachet
Lipid Lowering Agent,Lipicon 10 mg Tablet,Lipicon,Atorvastatin,40's,Atorvastatin 10 mg Tablet
Lipid Lowering Agent,Lipicon 20 mg Tablet,Lipicon,Atorvastatin,30's,Atorvastatin 20 mg Tablet
Lipid Lowering Agent,Lipicon 40 mg Tablet,Lipicon,Atorvastatin,10's,Atorvastatin 40 mg Tablet
Antibiotics,Zithrox 250 mg Tablet,Zithrox,Azithromycin,6's,Azithromycin 250 mg Tablet
Antibiotics,Zithrox 500 mg Tablet,Zithrox,Azithromycin,12's,Azithromycin 500 mg Tablet
Antibiotics,Zithrox Powder for Suspension,Zithrox,Azithromycin,"20 mL, 35 mL & 50 mL",Azithromycin 200 mg per 5 mL Suspension
Muscle Relaxant,Fenobac 5 mg Tablet,Fenobac,Baclofen,50's,Baclofen 5 mg Tablet
Muscle Relaxant,Fenobac 10 mg Tablet,Fenobac,Baclofen,30's,Baclofen 10 mg Tablet
Muscle Relaxant,Fenobac 100 mL Syrup,Fenobac,Baclofen,100mL,Baclofen 5 mg per 5 mL Suspension
Antiasmatic,Dilator 10 mg Tablet,Dilator,Bambuterol,100's,Bambuterol 10 mg Tablet
Antiasmatic,Dilator 20 mg Tablet,Dilator,Bambuterol,100's,Bambuterol 20 mg Tablet
Antiasmatic,Dilator 60 mL Oral Solution,Dilator,Bambuterol,60 mL,Bambuterol 5 mg per 5 mL Oral Solution
Dermatological Preparation,Topibet CL 10 g Ointment,Topibet CL,Betamethasone + Clotrimazole,10 g,Betamethasone Valerate 1 mg + Clotrimazole 10 mg) per g Ointment
Antihypertensive,Cardobis 2.5 mg Tablet,Cardobis,Bisoprolol,30's,Bisoprolol 2.5 mg Tablet
Antihypertensive,Cardobis 5 mg Tablet,Cardobis,Bisoprolol,30's,Bisoprolol 5 mg Tablet
Antihypertensive,Cardobis Plus 2.5/6.25 Tablet,Cardobis Plus,Bisoprolol,30's,Bisoprolol 2.5 mg + Hydrochlorothiazide 6.25 mg Tablet
Antihypertensive,Cardobis Plus 5/6.25 Tablet,Cardobis Plus,Bisoprolol,30's,Bisoprolol 5 mg + Hydrochlorothiazide 6.25 mg Tablet
Eye Care,Zolopt  Ophthalmic Suspension 5 mL,Zolopt,Brinzolamide,5 mL,"Brinzolamide 1% Ophthalmic 
Solution"
Eye Care,Binzotim  Ophthalmic Suspension 5 mL,Binzotim,Brinzolamide + Timolol,5 mL,"Brinzolamide 1% + Timolol 0.5% 
Ophthalmic Solution"
Neurological ,Restol 3 mg Tablet,Restol,Bromazepam,30's,Bromazepam 3 mg Tablet
Eye Care,Romfen 5 mL Ophthalmic Solution,Romfen,Bromfenac,5 mL,"Bromfenac Sodium 0.09% 
Ophthalmic Solution"
Eye Care,Romfen S 5 mL Ophthalmic Solution,Romfen,Bromfenac,5 mL,"Bromfenac Sodium 0.07% 
Ophthalmic Solution"
Cough & cold preparation,Mucoten 100 mL Syrup,Mucoten,Bromhexine,100 mL,Bromhexine 4 mg per 5 ml Syrup
Cough & cold preparation,Miraten 15 mL Paediatric Drops,Miraten,Butamirate,15 mL,Butamirate Citrate 7.5mg per mL Syrup
Vitamin & Mineral,Ostocal C Effervescent Tablet,Ostocal,Calcium + Ascorbic Acid,10's,Calcium Lactate Gluconate + Calcium Carbonate (eq. to elemental calcium 260 mg) + Ascorbic acid 500 mg Effervescent Tablet
Vitamin & Mineral,Ostocal M Tablet,Ostocal,Calcium Carbonate + Vitamin D3 + Magnesium + Manganese + Zinc + Boron + Copper,30's,"Calcium Carbonate (Eq. to 600 mg elemental Ca) + Cholecalciferol eq. to 200 IU Vitamin D3, Magnesium Hydroxide eq. to elemental Magnesium 40 mg, Zinc sulfate M/H eq. to elemental Zinc 75 mg, Manganese sulfate M/H eq. to elemental Manganese 1 per Tablet"
Vitamin & Mineral,Ostocal 500 mg Tablet,Ostocal,Calcium Carbonate,100's,Calcium Carbonate 1.25 g eqv. 500 mg elemental Calcium Tablet
Vitamin & Mineral,Ostocal JR 250 mg Tablet,Ostocal,Calcium Carbonate,30's,Calcium Carbonate 625 mg eqv. 250 mg elemental Calcium Tablet
Antacid,Tumy 240 mg Tablet,Tumy,Calcium Carbonate,100's,Calcium Carbonate 240 mg Tablet
Vitamin & Mineral,Ostocal D Tablet,Ostocal,Calcium Carbonate + Vitamin D3,20's & 30's,Calcium Carbonate 1250 mg (eqv. 500 mg elemental Calcium) + Vitamin D3 200 IU Tablet
Vitamin & Mineral,Ostocal DX Tablet,Ostocal,Calcium Carbonate + Vitamin D3,30's,Calcium Carbonate 1500 mg (eqv. to 600 mg elemental Calcium) + Vitamin D3 400 IU as Cholecalciferol Tablet
Vitamin & Mineral,Ostocal DX Tablet (Container),Ostocal,Calcium Carbonate + Vitamin D3,30's,Calcium Carbonate 1500 mg (eqv. to 600 mg elemental Calcium) + Vitamin D3 400 IU as Cholecalciferol Tablet
Vitamin & Mineral,Ostocal G Tablet,Ostocal,Calcium Carbonate From Coral Sourse + Vitamin D3,30's,Calcium carbonate (from coral source) 500mg + Vitamin D3 200 IU Tablet
Vitamin & Mineral,Ostocal G Tablet - (Container),Ostocal,Calcium Carbonate From Coral Sourse + Vitamin D3,30's,Calcium carbonate (from coral source) 500mg + Vitamin D3 200 IU Tablet
Vitamin & Mineral,Ostocal GX Tablet ,Ostocal,Calcium Carbonate From Coral Sourse + Vitamin D3,30's,Calcium carbonate (from coral source) 1500 mg (eqv. to 600 mg elemental Calcium) + Vitamin D3 400IU Tablet
Vitamin & Mineral,Calofast 400 mg Tablet,Calofast,Calcium Orotate,30's,Calcium Orotate Dihydrate eqv. to Calcium Orotate 400 mg Tablet
Vitamin & Mineral,Ostovit Effervescent Tablet,Ostovit,Calcium+ Ascorbic acid+ Vit.D3,10's,Calcium Lactate Gluconate + Calcium Carbonate (eqv. to elemental Calcium 260 mg) + Cholecalciferol eqv. to Vitamin D3 400 IU + Ascorbic acid 500 mg Effervescent Tablet
Neurological ,Carbazin 200 mg Tablet,Carbazin,Carbamazepine,50's,Carbamazepine 200 mg Tablet
Neurological ,Carbazin CR 200 mg Tablet,Carbazin,Carbamazepine,50's,Carbamazepine 200 mg Tablet
Cough & cold preparation,Carbolin 375 mg Capsule,Carbolin,Carbocisteine,30's,Carbocisteine 125 mg per 5 mL Syrup
Cough & cold preparation,Carbolin DS 100 mL Suspension,Carbolin,Carbocisteine,100 mL,Carbocisteine 250 mg per 5 mL Suspension
Haematinics,Feofol CI Capsule,Feofol CI,Carbonyl Iron with Folic Acid,30's,Dried Ferrous Sulphate 150 mg + Folic Acid 500 mcg Capsule
Haematinics,Folvit CI Capsule,Folvit CI,Carbonyl Iron + Folic Acid + Vitamin C + Vitamin B Complex,60's,Carbonyl Iron + Folic Acid + Vitamin C + Vitamin B Complex
Haematinics,Zeefol CI Capsule,Zeefol CI,Carbonyl Iron + Folic Acid + Zinc,60's,Elemental Iron (as Carbonyl Iron) 50 mg + Folic Acid 500 mcg + Zinc Sulphate Monohydrate 61.8 mg Capsule
Haematinics,Zilvit Capsule,Zilvit,Carbonyl Iron + Folic Acid + Zinc + Vitamin B + Ascorbic Acid,60's,Elemental Iron (as Carbonyl Iron) 50 mg + Folic Acid 500 mcg +  Zinc Sulfate 61.8 mg + Ascorbic Acid 50 mg + Thiamine Mononitrate 2 mg + Riboflavin 2 mg + Pyridoxine Hydrochloride 1 mg + Nicotinamide 10 mg Capsule
Antibiotics,Ceflon 15 mL Paediatric Drops,Ceflon,Cefaclor,15 mL,Cefaclor 125 mg per 1.25 mL Paediatric Drops
Antibiotics,Ceflon 100 mL Dry Suspension,Ceflon,Cefaclor,100 mL,Cefaclor 125 mg per 5 mL Suspension
Antibiotics,Arocef 500 mg Capsule,Arocef,Cefadroxil,24's,Cefadroxil Monohydrate 500 mg Capsule
Antibiotics,Arocef 100 mL Dry Suspension,Arocef,Cefadroxil,100 mL,Cefadroxil Monohydrate 125 mg per 5 mL Suspension
Antibiotics,Neorex 500 mg Capsule,Neorex,Cefalexin,50's,Cefalexin Monohydrate 500 mg Capsule
Antibiotics,Roxim 200 mg Capsule,Roxim,Cefixim,16's,Cefixim Trihydrate 200 mg Capsule
Antibiotics,Roxim 400 mg Capsule,Roxim,Cefixim,8's,Cefixim Trihydrate 400 mg Capsule
Antibiotics,Roxim 15 mL Paediatric Drops,Roxim,Cefixim,15mL,Cefixim Trihydrate 25 mg per drop Paediatric Drops
Antibiotics,Roxim Dry Suspension,Roxim,Cefixim,"30 mL, 50 mL, 75 mL",Cefixim Trihydrate 100 mg per 5 mL Suspension
Antibiotics,Roxim XL Dry Suspension,Roxim,Cefixim,60 mL,Cefixim Trihydrate 200 mg per 5 mL Suspension
Antibiotics,Starin 15 mL Paediatric Drops,Starin,Cefpodoxime,15 mL,Cefpodoxime Proxetil 20 mg per mL Paediatric Drops
Antibiotics,Starin 50 mL Dry Suspension,Starin,Cefpodoxime,50 mL,Cefpodoxime Proxetil 40 mg per 5 mL Suspension
Antibiotics,Starin DS 50 mL Dry Suspension,Starin,Cefpodoxime,50 mL,Cefpodoxime Proxetil 80 mg per 5 mL Suspension
Antibiotics,Trioclav 200 mg Tablet,Trioclav,Cefpodoxime + Clavulanic Acid,7's,Cefpodoxime 200 mg + Clavulanic Acid 125 mg Tablet
Antibiotics,Tazimax 1 g IM/IV Injection,Tazimax,Ceftazidime,1's,Ceftazidime 1 gm IM/IV Injection
Antibiotics,Tazimax 250 mg IM/IV Injection,Tazimax,Ceftazidime,1's,Ceftazidime 250 mg IM/IV Injection
Antibiotics,Cefaten 400 mg Capsule,Cefaten,Ceftibuten,8's,Ceftibuten Dihydrate 400mg Capsule
Antibiotics,Cefaten 60 mL Powder for Suspension,Cefaten,Ceftibuten,60 mL & 100 mL,Ceftibuten Dihydrate 90 mg per 5 mL Suspension
Antibiotics,Triject 250 mg IM Injection,Triject,Ceftriaxone,1's,Ceftriaxone Sodium 250 mg IM Injection
Antibiotics,Triject 250 mg IV Injection,Triject,Ceftriaxone,1's,Ceftriaxone Sodium 250 mg IV Injection
Antibiotics,Triject 500 mg IM Injection,Triject,Ceftriaxone,1's,Ceftriaxone Sodium 500 mg IM Injection
Antibiotics,Triject 500 mg IV Injection,Triject,Ceftriaxone,1's,Ceftriaxone Sodium 500 mg IV Injection
Antibiotics,Triject 1 g IM Injection,Triject,Ceftriaxone,1's,Ceftriaxone Sodium 1 mg IM Injection
Antibiotics,Triject 1 g IV Injection,Triject,Ceftriaxone,1's,Ceftriaxone Sodium 1 mg IV Injection
Antibiotics,Triject 2 g IV Injection,Triject,Ceftriaxone,1's,Ceftriaxone Sodium 2 mg IV Injection
Antibiotics,Kilmax 750 mg IM/IV injection,Kilmax,Cefuroxime,1's,Cefuroxime Sodium 750 mg IM/IV Injection
Antibiotics,Kilmax 1.5 g IV Injection,Kilmax,Cefuroxime,1's,Cefuroxime Sodium 1.5 g IV Injection
Antibiotics,Kilmax 125 mg tablet,Kilmax,Cefuroxime,14's,Cefuroxime Sodium 125 mg Tablet
Antibiotics,Kilmax 250 mg Tablet,Kilmax,Cefuroxime,16's,Cefuroxime Sodium 250 mg Tablet
Antibiotics,Kilmax 500 mg Tablet,Kilmax,Cefuroxime,8's,Cefuroxime Sodium 500 mg Tablet
Antibiotics,Kilmax 70 mL Suspension,Kilmax,Cefuroxime,70 mL,Cefuroxime Sodium 125 mg per 5 mL Suspension
Antibiotics,Kefuclav 250 mg Tablet,Kefuclav,Cefuroxime + Clavulanic Acid,16's,Cefuroxime Axetil 250 mg + Clavulanic Acid 62.5 mg Tablet
Antibiotics,Kefuclav 500 mg Tablet,Kefuclav,Cefuroxime + Clavulanic Acid,8's,Cefuroxime Axetil 500 mg + Clavulanic Acid 125 mg Tablet 
Antibiotics,Kefuclav 70 mL Suspension,Kefuclav,Cefuroxime + Clavulanic Acid,70 mL,Cefuroxime 125 mg + Clavulanic Acid 31.25 mg per 5 mL Suspension
Antihypertensive,Celipress 200 mg Tablet,Celipress,Celiprolol,20's,Celiprolol 200 mg Tablet  
Antibiotics,Sk-Cef 250 mg Capsule,Sk-Cef,Cephradine,48's,Cephradine 250 mg Capsule 
Antibiotics,Sk-Cef 500 mg Capsule,Sk-Cef,Cephradine,30's,Cephradine 500 mg Capsule 
Antibiotics,Sk-Cef 15 mL Paediatric Drops,Sk-Cef,Cephradine,15 mL,Cephradine 125 mg per 1.25 ml Paediatric Drops
Antibiotics,Sk-Cef Dry Suspension,Sk-Cef,Cephradine,100 mL,Cephradine 125 mg per 5 mL Suspension
Antibiotics,Sk-Cef DS Dry Suspension,Sk-Cef,Cephradine,60 mL & 100 mL,Cephradine 250 mg per 5 mL Suspension
Antibiotics,SK-Cef 500 mg IM/IV Injection,Sk-Cef,Cephradine,1's,Cephradine 500 mg IM/IV Injection
Antibiotics,SK-Cef 1 g IM/IV Injection,Sk-Cef,Cephradine,1's,Cephradine 500 mg IM/IV Injection
Antihistamine,Ontin 10 mg Tablet,Ontin,Cetirizine,100's,Cetirizine 10 mg Tablet  
Antihistamine,Ontin 60 mL Syrup,Ontin,Cetirizine,60 mL,Cetirizine 5 mg per 5 mL Syrup
Neurological ,Reelife Tablet,Reelife,Chlordiazepoxide & Amitriptyline,40's,Chlordiazepoxide 5 mg + Amitriptyline 12.5 mg Tablet 
Antiseptic & Disinfectant,Handirub 50 mL Solution,Handirub,Chlorhexidine Gluconate and Isopropyl Alcohol,50 mL & 200 mL,0.5% w/v Chlorhexidine Gluconate Solution
Antibiotics,Quinox 250 mg Tablet,Quinox,Ciprofloxacin,30's,Ciprofloxacin 250 mg Tablet
Antibiotics,Quinox 500 mg Tablet,Quinox,Ciprofloxacin,20's,Ciprofloxacin 500 mg Tablet
Antibiotics,Quinox 750 mg Tablet,Quinox,Ciprofloxacin,10's,Ciprofloxacin 750 mg Tablet
Antibiotics,Quinox 100 mL IV Infusion,Quinox,Ciprofloxacin,1's,Ciprofloxacin 200 mg per 100 mL IV Infusion
Antibiotics,Quinox DS 60 mL Pellets for Suspension,Quinox,Ciprofloxacin,60 mL,Ciprofloxacin 250 mg per 5 mL Suspension
Antibiotics,Lindamax 150 mg Capsule,Lindamax,Clindamycin,30's,Clindamycin 150 mg Capsule
Antibiotics,Lindamax 300 mg Capsule,Lindamax,Clindamycin,30's,Clindamycin 300 mg Capsule
Antibiotics,Lindamax 25 mL Lotion,Lindamax,Clindamycin,1's,Clindamycin 10 mg per mL Lotion
Antibiotics,Lindamax Plus 10 g Gel,Lindamax,Clindamycin,10 g,Clindamycin  12 mg + Tretinoin 0.25 mg per g Gel
Dermatological Preparation,Topiclo S 6% 10 g Ointment,Topiclo,Clobetasol + Salicylic Acid,10 g,Clobetasol 0.50 mg + Salicylic Acid 60 mg per g Ointment
Dermatological Preparation,Topiclo S 10 g Ointment,Topiclo,Clobetasol 0.05% + Salicylic Acid 3%,10 g & 20 g,Clobetasol 0.50 mg + Salicylic Acid 30 mg per g Ointment
Dermatological Preparation,Topiclo 10 g Cream,Topiclo,Clobetasol,10 g,Clobetasol 0.50 mg per g Cream
Dermatological Preparation,Topiclo 10 g Ointment,Topiclo,Clobetasol,10 g,Clobetasol 0.50 mg per g Ointment
Dermatological Preparation,Topiclo NN 15 g Ointment,Topiclo,Clobetasol + Neomycin Sulphate + Nystatin,15 g,"Clobetasol 0.5 mg, Neomycin Sulphate 5 mg + Nystatin 100,000 units per g Ointment"
Hormonal,Reomen 50 mg Tablet,Reomen,Clomiphene Citrate,20's,Clomiphene Citrate 50 mg Tablet 
Neurological ,Cloron .5 mg Tablet,Cloron,Clonazepam,100's,Clonazepam 0 .5 mg Tablet
Neurological ,Cloron 1 mg Tablet,Cloron,Clonazepam,50's,Clonazepam 1 mg Tablet
Neurological ,Cloron 2 mg Tablet,Cloron,Clonazepam,50's,Clonazepam 2 mg Tablet
Antiplatelet,Noclog 75 mg Tablet,Noclog,Clopidogrel,30's,Clopidogrel 75 mg Tablet
Antiplatelet,Noclog Plus Tablet,Noclog,Clopidogrel + Aspirin,30's,Clopidogrel 75 mg + Aspirin 75 mg per Tablet
Antiseptic & Disinfectant,Welon 500 mL Solution,Welon,Clorohexadine + Setrimide,500 mL & 1 L,Chlorhexidine Gluconate 0.3% w/v + Cetrimide 3.0% w/v Solution
Hormonal,Danamet 100 mg Capsule,Danamet,Danazol,18's,Danazol 100 mg Capsule
Hormonal,Danamet 200 mg Capsule,Danamet,Danazol,18's,Danazol 200 mg Capsule
Urogenital,Dumax 30 mg Tablet,Dumax,Dapoxetine,8's,Dapoxetine 30 mg Tablet
Urogenital,Dumax 60 mg Tablet,Dumax,Dapoxetine,4's,Dapoxetine 60 mg Tablet
Antihistamine,Desodin 5 mg Tablet,Desodin,Desloratadine,50's,Desloratadine 5 mg Tablet
Antihistamine,Desodin 60 mL Syrup,Desodin,Desloratadine,60 mL,Desloratadine 2.5 mg per 5 ml Syrup  
Neurological ,Hapytab ER Tablet,Hapytab,Desvenlafaxine,30's,Desvenlafaxine 50 mg Tablet
Hormonal,Dextor 0.5 mg Tablet,Dextor,Dexamethasone,200's,Dexamethasone 0.5 mg Tablet
Eye Care,Dextor T 5 mL Ophthalmic Suspension,Dextor,Dexamethasone + Tobramycin,5 mL,Dexamethasone 0.1% + Tobramycin 0.3% Ophthalmic Suspension
Eye Care,Dextor C 5 mL Ophthalmic Solution,Dextor,Dexamethasone Phosphate + Chloramphenicol,5 mL,Dexamethasone 0.1% + Chloramphenicol 0.5% Ophthalmic Solution
Joint Care,Osticare Tablet,Osticare,Diacerein 50mg + Glucosamine Sulfate 750mg,30's,Diacerein 50 mg + Glucosamine Sulphate 750mg per Tablet
Analgesic,Volmax SR 100 mg Capsule,Volmax SR,Diclofenac,60's,Diclofenac Sodium 100 mg Capsule
Antihistamine,Dorenta 50 mg Tablet,Dorenta,Diphenhydramine,50's,Diphenhydramine 50 mg Tablet
Antihistamine,Dorenta 100 mL Syrup,Dorenta,Diphenhydramine,100 mL,Diphenhydramine 10 mg per 5 mL Syrup
Gastroprokinetic,Ridon 10 mg Tablet,Ridon,Domperidone,100's,Domperidone 10 mg Tablet
Gastroprokinetic,Ridon EG 10 mg,Ridon,Domperidone,20's,Domperidone 10 mg per Sachet
Gastroprokinetic,Ridon 15 mL Paediatric Drops,Ridon,Domperidone,15 mL,Domperidone 5 mg per ml Paediatric Drops
Gastroprokinetic,Ridon 60 mL Suspension,Ridon,Domperidone,60 mL,Domperidone 5 mg per 5 mL Suspension
Antibiotics,Doripen 250 mg IV Injection,Doripen,Doripenem,1's,Doripenem 250 mg IV Injection
Antibiotics,Doripen 500 mg IV Injection,Doripen,Doripenem,1's,Doripenem 500 mg IV Injection
Antiasmatic,Ventofil 200 mg tablet,Ventofil,Doxophylline,30's,Doxophylline 200 mg Tablet
Antiasmatic,Ventofil 400 mg tablet,Ventofil,Doxophylline,30's,Doxophylline 400 mg Tablet
Antihistamine,Stiba 10 mg Tablet,Stiba,Ebastine,30's,Ebastine 10 mg Tablet
Antihistamine,Stiba 30 mL Syrup,Stiba,Ebastine,30 mL,Ebastine 5 mg per 5 mL Syrup
Antihypertensive,Anapril 5 mg Tablet,Anapril,Enalapril,100's,Enalapril 5 mg Tablet
Antihypertensive,Anapril 10 mg Tablet,Anapril,Enalapril,100's,Enalapril 10 mg Tablet
Antiviral,Virenta 0.5 mg Tablet,Virenta,Entecavir,10's,Entecavir 0.5 mg Tablet
Neurological ,Aldorin 50 mg Tablet,Aldorin,Epalrestat,24's,Epalrestat 50 mg Tablet
Neurological ,Losita 5 mg Tablet,Losita,Escitalopram,40's,Escitalopram 5 mg Tablet
Neurological ,Losita 10 mg Tablet,Losita,Escitalopram,20's,Escitalopram10 mg Tablet
Antiulcerant,Esoral 20 mg Capsule (in HPMC shell),Esoral,Esomeprazole,60's,Esomeprazole 20 mg Capsule
Antiulcerant,Esoral 40 mg Capsule (in HPMC shell),Esoral,Esomeprazole,30's,Esomeprazole 40 mg Capsule
Antiulcerant,Esoral MUPS 20 mg Tablet,Esoral,Esomeprazole,50's,Esomeprazole 20 mg Tablet 
Antiulcerant,Esoral 20 mg Tablet ,Esoral,Esomeprazole,112's,Esomeprazole 20 mg Tablet 
Antiulcerant,Esoral 40 mg Tablet,Esoral,Esomeprazole,30's,Esomeprazole 40 mg Tablet 
Antiulcerant,Esoral 40 mg IV Injection,Esoral,Esomeprazole,1's,Esomeprazole 40 mg IV Injection
Analgesic,Etorix 60 mg Tablet,Etorix,Etoricoxib,40's,Etoricoxib 60 mg Tablet
Analgesic,Etorix 90 mg Tablet,Etorix,Etoricoxib,40's,Etoricoxib 90 mg Tablet
Analgesic,Etorix 120 mg Tablet,Etorix,Etoricoxib,30's,Etoricoxib 120 mg Tablet
Joint Care,Goutil 40 mg Tablet,Goutil,Febuxostat,20's,Febuxostat 40 mg Tablet
Joint Care,Goutil 80 mg Tablet,Goutil,Febuxostat,10's,Febuxostat 80 mg Tablet
Lipid Lowering Agent,Noficon 200 mg Capsule,Noficon,Fenofibrate,40's,Fenofibrate 200 mg Capsule
Antihistamine,Dinafex 60 mg Tablet,Dinafex,Fexofenadine,30's,Fexofenadine 60 mg Tablet
Antihistamine,Dinafex 120 mg Tablet,Dinafex,Fexofenadine,30's,Fexofenadine 120 mg Tablet
Antihistamine,Dinafex 180 mg Tablet,Dinafex,Fexofenadine,30's,Fexofenadine 180 mg Tablet
Antihistamine,Dinafex 50 mL Suspension,Dinafex,Fexofenadine,50 mL,Fexofenadine 30 mg per 5 mL Suspension
Antibiotics,Flucloxin 250 mg Capsule,Flucloxin,Flucloxacillin,100's,Flucloxacillin 250 mg Capsule
Antibiotics,Flucloxin 500 mg Capsule,Flucloxin,Flucloxacillin,36's,Flucloxacillin 500 mg Capsule
Antibiotics,Flucloxin 100 mL Dry Suspension,Flucloxin,Flucloxacillin,100 mL,Flucloxacillin 125 mg per 5 mL Suspension
Antifungal,Flucoder 50 mg Capsule,Flucoder,Fluconazole,30's,Fluconazole 50 mg Capsule
Antifungal,Flucoder 150 mg Capsule,Flucoder,Fluconazole,10's,Fluconazole 150 mg Capsule
Antifungal,Flucoder 200 mg Capsule,Flucoder,Fluconazole,10's,Fluconazole 200 mg Capsule
Antifungal,Flucoder 35 mL Dry Suspension,Flucoder,Fluconazole,35 mL,Fluconazole 50 mg per 5 mL Suspension
Neurological ,Norium 5 mg Tablet,Norium,Flunarizine,100's,Flunarizine 5 mg Tablet
Neurological ,Norium 10 mg Tablet,Norium,Flunarizine,60's,Flunarizine 10 mg Tablet
Dermatological Preparation,Nospot 30 mg Cream,Nospot,Fluocinolone Acetonide + Hydroguinone + Tretinoin,1's,"Flucinolone acetonide 0.01%, Hydroquinone 4% + Tretinoin 0.05% cream"
Eye Care,Fluflam 5 mL Ophthalmic Suspension,Fluflam,Fluorometholone,5 mL,Fluorometholone 0.1% Ophthalmic Suspension
Neurological ,Sentix 0.5 mg Tablet,Sentix,Flupentixol,50's,Flupentixol 0.5 mg Tablet
Neurological ,Sentix 1 mg Tablet,Sentix,Flupentixol,30's,Flupentixol 1 mg Tablet
Neurological ,Sensit Tablet,Sensit,Flupentixol + Melitracen,50's,Flupentixol 0.5 mg + Melitracen 10 mg per Tablet
Antihypertensive,Edenil 20 mg Tablet,Edenil,Furosemide + Spironolactone,30's,Spironolactone 50 mg + Furosemide 20 mg per Tablet
Antihypertensive,Edenil 40 mg Tablet,Edenil,Furosemide + Spironolactone,30's,Spironolactone 50 mg + Furosemide 40 mg per Tablet
Dermatological Preparation,Facid 15 g Cream,Facid,Fusidic Acid,15g,Fusidic Acid 20 mg per g (2% w/w) Cream
Dermatological Preparation,Facid 10 g BT Cream,Facid,Fusidic Acid + Betamethasone,10 g,Fusidic Acid 20 mg + Betamethasole 1 mg per g Cream
Dermatological Preparation,Facid HC Cream,Facid,Fusidic Acid + Hydrocortisone,10 g,"Fusidic Acid 20 mg and
Hydrocortisone 10 mg per g Cream"
Neurological ,Nepsy 300 mg Tablet,Nepsy,Gabapentin,20's,Gabapentin 300 mg Tablet
Antibiotics,Geminox 320 mg Tablet,Geminox,Gemifloxacin,8's,Gemifloxacin Mesylate 320 mg Tablet
Antidiabetic,Glikazid 80 mg Tablet,Glikazid,Gliclazide,30's,Gliclazide 80 mg Tablet
Antidiabetic,Glikazid 60 mg MR Tablet,Glikazid,Gliclazide,20's,Gliclazide 60 mg Modified Release Tablet
Antidiabetic,Glikazid 30 mg MR Tablet,Glikazid,Gliclazide,30's,Gliclazide 30 mg Modified Release Tablet
Antidiabetic,Dialon 1 mg Tablet,Dialon,Glimepiride,50's,Glimepiride 1 mg Tablet
Antidiabetic,Dialon 2 mg Tablet,Dialon,Glimepiride,30's,Glimepiride 2 mg Tablet
Antidiabetic,Dialon 3 mg Tablet,Dialon,Glimepiride,20'S,Glimepiride 3 mg Tablet
Antidiabetic,Dialon 4 mg Tablet,Dialon,Glimepiride,20'S,Glimepiride 4 mg Tablet
Joint Care,Bonflex Tablet,Bonflex,Glucosamine + Chondroitin Sulfate,40's,"Glucosamine Sulfate 250 mg and
Chondroitin Sulfate 200 mg per
Tablet"
Oral Rehydration Therapy,NRG 10 g Powder for Oral Suspension,NRG,Glucose,20's,Glucose 10 g per Sachet
Cough & cold preparation,Expoten 100 mL Syrup,Expoten,Guaiphenesin + Pseudoephedrine + Triprolidine,100 mL,"Guaiphenesin 100 mg+
Pseudoephedrine 30 mg and
Triprolidine 1.25 mg per 5 ml"
IV Nutrition,Protinex Kidz 100 mL Infusion,Protinex,Human Milk based Amino Acid,1's,"Human Milk based Amino Acid
6.53% per 100 mL Infusion Bag"
Dermatological Preparation,Cortider 10 g Cream,Cortider,Hydrocortisone Acetate,10 g,Hydrocortisone Acetate 1% w/w Cream
Antihypertensive,Irbes 75 mg Tablet,Irbes,Irbesartan,50's,Irbesartan 75 mg Tablet
Antihypertensive,Irbes 150 mg Tablet,Irbes,Irbesartan,30's,Irbesartan 150 mg Tablet
Haematinics,Feofol TR Capsule,Feofol TR,Iron + Folic Acid,90's,"Dried Ferrous Sulphate 150 mg
and Folic Acid 500 mcg per Capsule"
Haematinics,Feofer 5 mL IV Injection,Feofer,Iron Sucrose,1's,"Elemental Iron (Iron Sucrose) 100
mg Injection"
Haematinics,Feofer DS 10 mL Injection,Feofer,Iron Sucrose,1's,"Elemental Iron (Iron Sucrose) 100
mg Injection"
Haematinics,Folvit TR Capsule,Folvit TR,Iron + Folic Acid + Vitamin C + Vitamin B Complex,90's,"Dried Ferrous Sulphate 150 mg,
Folic Acid 0.5 mg, Ascorbic acid
50 mg, Thiamine Mononitrate 2
mg, Riboflavin 2 mg, Pyridoxine
HCl 1 mg and Nicotinamide 10
mg per Capsule"
Haematinics,Zeefol TR Capsule,Zeefol TR,Iron + Folic Acid + Zinc,60's,"Dried Ferrous Sulphate 150 mg,
Folic Acid 500 mcg and Zinc
Sulphate Monohydrate 61.8 mg
per Capsule"
Analgesic,Kynol TR 100 mg Capsule,Kynol TR,Ketoprofen,50's,Ketoprofen 100 mg Capsule
Analgesic,Kynol TR 200 mg Capsule,Kynol TR,Ketoprofen,30's,Ketoprofen 200 mg Capsule
Analgesic,Ketonic 10 mg Tablet,Ketonic,Ketorolac,30's,Ketorolac Tromethamine 10 mg Tablet
Analgesic,Ketonic 30 mg Injection,Ketonic,Ketorolac,5's,Ketorolac Tromethamine 30 mg IM/IV Injection
Analgesic,Ketonic 60 mg IM Injection,Ketonic,Ketorolac,1's,Ketorolac Tromethamine 60 mg IM/IV Injection
Antiasmatic,Toti Tablet,Toti,Ketotifen,100's,Ketotifen Fumarate 1 mg Tablet
Antiasmatic,Toti 100 mL Syrup,Toti,Ketotifen,100 mL,Ketotifen Fumarate 1 mg per 5 mL Syrup
Laxative,Laxitol Oral Solution,Laxitol,Lactitol,50 mL & 100 mL,Lactitol 10 g per 15 mL Oral Solution
Laxative,Laxitol 10 g Sachet,Laxitol,Lactitol,10's,Lactitol 10 g per Sachet
Laxative,Tulac 50 mL Oral Solution,Tulac,Lactulose,"50 mL, 100 mL & 200 mL",Lactulose 10 g per 15 mL Oral Solution
Antiviral,Lamidin 100 mg Tablet,Lamidin,Lamivudine,10's,Lamivudine 100 mg Tablet
Hormonal,Lenor 2.5 mg Tablet,Lenor,Letrozole,10's,Letrozole 2.5 mg Tablet
Antibiotics,Levomax 500 mg Tablet,Levomax,Levofloxacin,20's,Levofloxacin Hemihydrate 500 mg Tablet
Antibiotics,Levomax 750 mg Tablet,Levomax,Levofloxacin,10's,Levofloxacin Hemihydrate 750 mg Tablet
Eye Care,Levomax 5 mL Ophthalmic Solution,Levomax,Levofloxacin,5 mL,"Levofloxacin 0.5% Solution
Ophthalmic Solution"
Eye Care,Levomax TS 5 mL Ophthalmic Solution,Levomax,Levofloxacin,5 mL,"Levofloxacin 1.5% Solution
Ophthalmic Solution"
Antiasmatic,Brizy 1 mg Tablet,Brizy,Levosalbutamol,50's,Levosalbutamol Sulfate 1 mg Tablet
Antiasmatic,Brizy 2 mg Tablet,Brizy,Levosalbutamol,50's,Levosalbutamol Sulfate 2 mg Tablet
Antiasmatic,Brizy 60 mL Syrup,Brizy,Levosalbutamol,60 mL,Levosalbutamol 1 mg per 5 mL Syrup
Hormonal,Thynor 50mcg Tablet,Thynor,Levothyroxine,90's,Levothyroxine Sodium 50 mcg Tablet
Antidiabetic,Ligazid 5 mg Tablet,Ligazid,Linagliptin,20's,Linagliptin 5 mg Tablet
Antidiabetic,Ligazid M 2.5/500 mg Tablet,Ligazid M,Linagliptin + Metformin,20's,Linagliptin 2.5 mg + Metformin 500 mg
Antidiabetic,Ligazid M 2.5/850 mg Tablet,Ligazid M,Linagliptin + Metformin,18's,Linagliptin 2.5 mg + Metformin 850 mg
Antidiabetic,Ligazid M 2.5/1000 mg Tablet,Ligazid M,Linagliptin + Metformin,18's,"Linagliptin 2.5 mg + Metformin
1000 mg"
Cough & cold preparation,Hunny 100 mL Oral Solution,Hunny,Liquid Sucrose + Glycerol,100 mL,"Glycerol 37.5 mg + Liquid sucrose
96.5 mg per 5 mL Oral Solution"
Antihistamine,Oradin 10 mg Tablet,Oradin,Loratadine,100's,Loratadine 10 mg Tablet
Antihistamine,Oradin 10 mg Flash Tablet,Oradin,Loratadine,40's,Loratadine 10 mg Flash Tablet
Antihistamine,Oradin 60 mL Suspension,Oradin,Loratadine,60 mL,Loratadine 5 mg per 5 mL Suspension
Antihistamine,Oradin Plus Tablet,Oradin,Loratadine + Pseudoephedrin,40's,"Loratadine10 mg,
Pseudoephedrine 240 mg (as
sustain release) per tablet"
Antihypertensive,Cardon 25 mg Tablet,Cardon,Losartan,30's,Losartan Potassium 25 mg Tablet
Antihypertensive,Cardon 50 mg Tablet,Cardon,Losartan,40's,Losartan Potassium 50 mg Tablet
Antihypertensive,Cardoplus 50 mg Tablet,Cardoplus,Losartan + Hydrochlorothiazide,20's,"Losartan Potassium 50 mg and
Hydrochlorothiazide 12.5 mg per Tablet"
Antihypertensive,Cardoplus 50 mg Tablet,Cardoplus,Losartan + Hydrochlorothiazide,30's,"Losartan Potassium 50 mg and
Hydrochlorothiazide 12.5 mg per Tablet"
Eye Care,Lotrel 5 mL Ophthalmic  Suspension,Lotrel,Loteprdnol,5 mL,"Loteprednol Etabonate 0.5%
Ophthalmic Suspension"
Eye Care,Lotrel T Ophthalmic Suspension 5 mL,Lotrel,Loteprdnol,5 mL,"Loteprednol 0.5% + Tobramycin 0.3%
Ophthalmic Suspension"
Antacid,Gastid Chewable Tablet,Gastid,Magaldrate + Simethicone,60's,"Magaldrate 480 mg and Simethicone
20 mg per Chewable Tablet"
Antacid,Gastid 100 mL Suspension,Gastid,Magaldrate + Simethicone,"50 mL, 100 mL & 200 mL","Magaldrate 480 mg and Simethicone
20 mg per 5 mL Suspension"
Antispasmodic,Veron 135 mg Tablet,Veron,Mebeverine,50's,Mebeverine 135 mg Tablet
Antihistamine,Mebidal Tablet,Mebidal,Mebhydroline,200's,Mebhydroline 50 mg Tablet
Antiemetic,Emezin Plus Tablet,Emezin,Meclizine + Pyridoxine,50's,"Meclizine 25 mg and
Pyridoxine 50 mg per Tablet"
Antiemetic,Emezin 50 mg Tablet,Emezin,Meclizine,50's,Meclizine 50 mg Tablet
Vitamin & Mineral,Mecopen Tablet,Mecopen,Mecobalamine,50's,Mecobalamine 50 mg Tablet
Hormonal,Provenor 5 mg Tablet,Provenor,Medroxy Progesterone,30's,Medroxy Progesterone 5 mg Tablet
Hormonal,Provenor 10 mg Tablet,Provenor,Medroxy Progesterone,30's,Medroxy Progesterone 10 mg Tablet
Antibiotics,Meroject 500 mg IV Injection,Meroject,Meropenem,1's,Meropenem 500 mg IV Injection
Antibiotics,Meroject 1 g IV Injection,Meroject,Meropenem,1's,Meropenem 1gm IV Injection
Antidiabetic,Glunor 500 mg Tablet,Glunor,Metformin,50's,Metformin HCl 500 mg Tablet
Antidiabetic,Glunor 850 mg Tablet,Glunor,Metformin,50's,Metformin HCl 850 mg Tablet
Antidiabetic,Glunor XR Tablet,Glunor,Metformin,50's,Metformin HCl 500 mg Extended Release Tablet
Analgesic,Xenthol 30 Cream,Xenthol,Methyl Salicylate + Menthol,15g,"Methyl Salicylate 300 mg and
Menthol 80 mg per g Cream"
Antihypertensive,Topress 50 mg Tablet,Topress,Metoprolol,100's,Metoprolol Tartrate 50 mg Tablet
Antiprotozoal,Metco 400 mg Tablet,Metco,Metronidazole,100's,Metronidazole 400 mg Tablet
Antiprotozoal,Metco 60 mL Suspension,Metco,Metronidazole, 60 mL,Metronidazole 200 mg per 5 mL Suspension
Antiprotozoal,Metco 100 mL IV Infusion,Metco,Metronidazole,1's,Metronidazole 5 mg per mL IV Infusion
Antifungal,Orogurd 15 g Oral Gel,Orogurd,Miconazole,15g,Miconazole HCI 20 mg per g Oral Gel
Neurological ,Milam 7.5 mg Tablet,Milam,Midazolam ,40's,Midazolam Maleate 7.5 mg Tablet
Neurological ,Milam 15 mg Tablet,Milam,Midazolam,20's,Midazolam Maleate 15 mg Tablet
Neurological ,Milam 15 mg IM/IV Injection,Milam,Midazolam,1's,Midazolam HCl 15 mg per 3 mL Injection
Antiasmatic,Lumona 10 mg Tablet,Lumona,Montelukast,30's,Montelukast Sodium 10 mg Tablet
Antiasmatic,Lumona 4 mg Granules for Suspension,Lumona,Montelukast,30's,Montelukast Sodium 4 mg Granules for Suspension
Antiasmatic,Lumona 4 FT Flash Tablet,Lumona,Montelukast,30's,Montelukast Sodium 4 mg Flash Tablet
Antiasmatic,Lumona 5 FT Flash Tablet,Lumona,Montelukast,30's,Montelukast Sodium 5 mg Flash Tablet
Eye Care,Visomox 5 mL Ophthalmic Solution,Visomox,Moxifloxacin,5 mL,"Moxifloxacin 0.5% Ophthalmic
Solution"
Antibiotics,Visomox 400 mg FC Tablet,Visomox,Moxifloxacin,10's,Moxifloxacin HCL 400mg Tablet
Vitamin & Mineral,Vitrum Gold Tablet,Vitrum Gold,Multivitamin - Multiminerals,15's & 30's,Vitamin and Minerals
Vitamin & Mineral,Vitrum Silver Tablet,Vitrum Silver,Multivitamin - Multiminerals,15's & 30's,Vitamin and Minerals
Vitamin & Mineral,Solvit-M Tablet,Solvit-M,Multivitamin + Multiminerals,30's,Vitamin and Minerals
Dermatological Preparation,Mupiron 10 g Ointment,Mupiron,Mupirocin,10g,Mupirocin 20 mg per g Ointment
Analgesic,Naprox 250 mg Tablet,Naprox,Naproxen, 50's,Naproxen 250 mg Tablet
Analgesic,Naprox 500 mg Tablet,Naprox,Naproxen,50's,Naproxen 500 mg Tablet
Analgesic,Naprox 50 mL Suspension,Naprox,Naproxen,50 mL,Naproxen 125 mg per 5 mL Suspension
Analgesic,Naprox 15 g Gel,Naprox,Naproxen,15 g,Naproxen 100 mg per g Gel
Analgesic,Naprox Plus 375 mg Tablet,Naprox Plus,Naproxen + Esomeprazole,30's,"Naproxen 375 mg and
Esomeprazole magnesium
equivalent to Esomeprazole 20
mg per tablet"
Analgesic,Naprox Plus 500 mg Tablet,Naprox Plus,Naproxen + Esomeprazole,30's,"Naproxen 500 mg and
Esomeprazole magnesium
equivalent to Esomeprazole 20
mg per tablet"
Antiprotozoal,Toza 500 mg Tablet,Toza,Nitazoxanide,12's,Nitazoxanide 500 mg Tablet
Antiprotozoal,Toza 30 mL Dry Suspension,Toza,Nitazoxanide,30 mL & 60 mL,Nitazoxanide 100 mg per 5 mL Suspention
Antihypertensive,GTN 2.6 mg Tablet,GTN,Nitroglycerin,50's,Nitroglycerin 2.6 mg Tablet
Hormonal,Ethinor 5 mg Tablet,Ethinor,Norethisterone,45's,5mg Tablet  
Antihypertensive,Olmesta 10 mg Tablet,Olmesta,Olmesartan,30's,Olmesartan 10 mg Tablet
Antihypertensive,Olmesta 20 mg Tablet,Olmesta,Olmesartan,30's,Olmesartan 20 mg Tablet
Antihypertensive,Olmesta 40 mg Tablet,Olmesta,Olmesartan,20's,Olmesartan 40 mg Tablet
Antihypertensive,Olmesta Plus Tablet,Olmesta,Olmesartan + Hydrochlorothiazide,30's,Olmesartan Medoxomil 20mg + Hydrochlorothiazide 12.5mg per Tablet
Antihypertensive,Olmesta M Tablet,Olmesta,Olmesartan + Amlodipine,30's,Olmesartan Medoxomil 20mg + Amlodipine 5mg per Tablet
Eye Care,Aladay 5 mL Ophthalmic Solution,Aladay,Olopatadine,5 mL,Olopatadine 0.1% Ophthalmic Solution
Eye Care,Aladay DS 5 mL Ophthalmic Solution,Aladay,Olopatadine,5 mL,Olopatadine 0.2% Ophthalmic Solution
Antiulcerant,Losectil 10 mg Capsule,Losectil,Omeprazole,48's,Omeprazole 10 mg Capsule
Antiulcerant,Losectil 20 mg Capsule,Losectil,Omeprazole,100's & 500's,Omeprazole 20 mg Capsule
Antiulcerant,Losectil 40 mg Capsule,Losectil,Omeprazole,48's,Omeprazole 40 mg Capsule
Antiulcerant,Losectil V 20 mg Capsule (in HPMC shell),Losectil,Omeprazole,100's,Omeprazole 20 mg Capsule (in HPMC Capsule Shell)
Antiulcerant,Losectil V 40 mg Capsule (in HPMC shell),Losectil,Omeprazole,60's,Omeprazole 40 mg Capsule (in HPMC Capsule Shell)
Antiulcerant,Losectil 20 mg Powder for Oral Suspension,Losectil,Omeprazole,30's,Omeprazole 20mg Powder for Oral Suspension
Antiulcerant,Losectil 40 mg Powder for Oral Suspension,Losectil,Omeprazole,30's,Omeprazole 40mg Powder for Oral Suspension
Antiulcerant,Losectil 40 mg IV Injection,Losectil,Omeprazole,1's,Omeprazole 40mg IV Injection 
Antiemetic,Zofra ODT 4 mg Tablet,Zofra,Ondansetron,30's,Ondansetron 4 mg Orally Dispersible Tablet
Antiemetic,Zofra ODT 8 mg Tablet,Zofra,Ondansetron,30's,Ondansetron 8 mg Orally Dispersible Tablet
Antiemetic,Zofra 50 mL Oral Solution,Zofra,Ondansetron,50 mL,Ondansetron 4 mg per 5 mL Oral salution
Antiemetic,Zofra 8 mg IM/IV Injection,Zofra,Ondansetron,5's,Ondansetron 8 mg per 2 mL IM/IV Injection
Antiobesity,Dietil 120 mg Capsule,Dietil,Orlistat,10's,Orlistat 120 mg Capsule
Antiemetic,Palosis 0.5 mg Capsule,Palosis,Palonosetron,20's,Palonosetron 0.5 mg Capsule
Antiemetic,Palosis 0.5 mg Tablet,Palosis,Palonosetron,20's,Palonosetron 0.5 mg Tablet
Antiulcerant,Panoral 20 mg Tablet,Panoral,Pantoprazole,40's,Pantoprazole 20 mg Tablet
Antiulcerant,Panoral 40 mg Tablet,Panoral,Pantoprazole,40's,Pantoprazole 40 mg Tablet
Analgesic,Tamen 500 mg Tablet,Tamen,Paracetamol,200's,Paracetamol 500 mg Tablet
Analgesic,Tamen XR  665 mg Tablet,Tamen,Paracetamol,100's,Paracetamol 665 mg Tablet
Analgesic,Tamen 15 mL Paediatric Drops,Tamen,Paracetamol,15 mL,Paracetamol 80 mg per mL Paediatric Drops
Analgesic,Tamen 60 mL Syrup,Tamen,Paracetamol,60 mL & 100 mL,Paracetamol 120 mg per 5 mL syrup
Analgesic,Tamen 100 mL IV Infusion,Tamen,Paracetamol,1's,Paracetamol 1000 mg per 100 mL IV infusion
Analgesic,Tamen X Tablet,Tamen,Paracetamol + Caffeine,150's,Paracetamol 500 mg and Caffeine 65 mg per tablet
Analgesic,Tamen Turbo Tablet,Tamen,Paracetamol + Caffeine,100's,Paracetamol 500 mg and Caffeine 65 mg per tablet
Analgesic,Tamenol 362.5 mg Tablet,Tamenol,Paracetamol + Tramadol,20's,Paracetamol 325 mg + Tramadol 37.50 mg
Dermatological Preparation,Perosa 30 g Cream,Perosa,Permethrin,30 g,Permethrin 50 mg per g Cream
Lipid Lowering Agent,Pivasta 2 mg Tablet,Pivasta,Pitavastatin,20's,Pitavastatin 2 mg Tablet
Neurological ,Zeromig 0.5 mg Tablet,Zeromig,Pizotifen,50's,Pizotifen 0.5 mg Tablet
Neurological ,Zeromig 1.5 mg Tablet,Zeromig,Pizotifen,30's,Pizotifen 1.5 mg Tablet
Eye Care,Freshtear 10 mL Ophthalmic Solution,Freshtear,Polyethylene Glycol + Propylene Glycol,10 mL,Polyethylene Glycol 0.4% + Propylene Glycol 0.3% Ophthalmic Solution
Eye Care,Freshtear P 10 mL Ophthalmic Solution,Freshtear,Polyethylene Glycol + Propylene Glycol With Purite,10 mL,Polyethylene Glycol 0.4% + Propylene Glycol 0.3% Ophthalmic Solution (with Purite)
Urogenital,Urokit 10 mg Tablet,Urokit,Potassium Citrate,20's,Potassium Citrate 10 mg Tablet
Urogenital,Urokit Plus Oral Solution 200 mL,Urokit,Potassium Citrate + Citric Acid,200mL,Potassium citrate 1500 mg + Citric acid monohydrate 250 mg per 5 ml Oral Solution
Antiseptic & Disinfectant,Povidon 30 mL Solution,Povidon,Povidone Iodine,"30 mL, 100 mL & 1 L",Povidone Iodine 10% Solution
Antiseptic & Disinfectant,Povidon 20 g Ointment,Povidon,Povidone Iodine,20g,Povidone Iodine 5% Ointment
Hormonal,Pred 5 mg Tablet,Pred,Prednisolone,200's,Prednisolone 5 mg Tablet
Hormonal,Pred 10 mg Tablet,Pred,Prednisolone,100's,Prednisolone 10 mg Tablet
Hormonal,Pred 20 mg Tablet,Pred,Prednisolone,50's,Prednisolone 20 mg Tablet
Eye Care,Pred 5 mL Ophthalmic Susupension,Pred,Prednisolone,5 mL,Prednisolone Acetate 1% Ophthalmic Suspension
Neurological ,PG 25 mg Capsule,PG,Pregabalin,24's,Pregabalin 25 mg Capsule
Neurological ,PG 50 mg Capsule,PG,Pregabalin,30's,Pregabalin 50 mg Capsule
Neurological ,PG 75 mg Capsule,PG,Pregabalin,30's,Pregabalin 75 mg Capsule
Neurological ,PG 150 mg Capsule,PG,Pregabalin,12's,Pregabalin 150 mg Capsule
Laxative,Isobgul Sachet,Isobgul,Psyllium Husk,20's,Psyllium Husk 3.5 g per Sachet
Laxative,Isobgul 140 g Container,Isobgul,Psyllium Husk,140g,Psyllium Husk 3.5 g per 3.7 g blend (140 g once)
Antiulcerant,Rabifast 20 mg Tablet,Rabifast,Rabeprazole,70's,Rabeprazole 20 mg Tablet
Antihypertensive,Mypril 2.5 mg Tablet,Mypril,Ramipril,40's,Ramipril 2.5 mg Tablet
Antihypertensive,Mypril 5 mg Tablet,Mypril,Ramipril,40's,Ramipril 5 mg Tablet
Antiulcerant,Peptil H 150 mg Tablet,Peptil,Ranitidine,150's,Ranitidine HCI 150 mg Tablet
Antiulcerant,Peptil H 2 mL IM/IV Injection,Peptil,Ranitidine,10's,Ranitidine HCI 50 mg per 2 mL (IM/IV) Injection
Antiulcerant,Peptil H 100 mL Syrup,Peptil,Ranitidine,100 mL,Ranitidine HCl 150 mg per 5 mL Syrup
Anticoagulant,Rivarox 2.5 mg Tablet,Rivarox,Rivaroxaban,30's,Rivaroxaban 2.5 mg Tablet
Anticoagulant,Rivarox 10 mg Tablet,Rivarox,Rivaroxaban,20's,Rivaroxaban 10 mg Tablet
Anticoagulant,Rivarox 15 mg Tablet,Rivarox,Rivaroxaban,20's,Rivaroxaban 15 mg Tablet
Anticoagulant,Rivarox 20 mg Tablet,Rivarox,Rivaroxaban,20's,Rivaroxaban 20 mg Tablet
Antiasmatic,Roflu .5 mg Tablet ,Roflu,Roflumilast,30's,Roflumilast 0.5 mg Tablet
Lipid Lowering Agent,Creston 5 mg Tablet,Creston,Rosuvastatin,30's,Rosuvastatin 5 mg Tablet
Lipid Lowering Agent,Creston 10 mg Tablet,Creston,Rosuvastatin,20's,Rosuvastatin 10 mg Tablet
Antihistamine,Rupaday 10 mg Tablet,Rupaday,Rupatadine,30's,Rupatadine 10mg Tablet  
Antiasmatic,Salomax 4 mg tablet,Salomax,Salbutamol,500's,Salbutamol 4 mg Tablet
Dermatological Preparation,Salidex 15 g Cream,Salidex,Salicylic Acid 6%,15 g,Salicylic Acid 6% Cream
Urogenital,Aggra 50 mg Tablet,Aggra,Sildenafil,4's,Sildenafil Citrate 50 mg Tablet
Urogenital,Aggra 100 mg Tablet,Aggra,Sildenafil,4's,Sildenafil Citrate 100 mg Tablet
Anticolic,Gasnil 15 mL Paediatric Drops,Gasnil,Simethicone,15 mL,Simethicone 67 mg per mL Paediatric Drops
Antacid,Gelid Chewable Tablet,Gelid,Sodium Alginate + Potassium Bicarbonate,50's,Sodium Alginate 500 mg and Potassium Bicarbonate 100 mg per Chewable Tablet
Antacid,Gelid Oral Suspension 200 mL,Gelid,Sodium Alginate + Potassium Bicarbonate,1's,Sodium Alginate 500 mg and Potassium Bicarbonate 100 mg per 5 mL Suspension
Oral Rehydration Therapy,Neosaline 10.25 g,Neosaline,Sodium Chloride + Potassium Chloride + Sodium citrate + Glucose Anhydrous,"20's, 50's","NaCl 1.30 g, KCl 0.75 g, Sodium Citrate (as Dihydrate) 1.45 g and Glucose Anhydrous 6.75 mg per Sachet"
Oral Rehydration Therapy,Neorice ,Neorice,Sodium Chloride + Potassium Chloride + Sodium citrate + Rice Powder,10's,"NaCl 1.30 g, KCl 0.75 g, Sodium Citrate (as dihydrate) 1.45 g and processed rice powder 25 g per Sachet"
Dermatological Preparation,Facid 15 g Ointment,Facid,Sodium Fusidate,15g,Sodium Fusidate 20 mg per g (2% w/w) Ointment
Antiviral,Soventa 400 mg Tablet,Soventa,Sofosbuvir,6's,Sofosbuvir 400mg Tablet
Artificial Sweetener,Cal X Tablet,Cal X,Sucralose,100's,Sucralose 6.5 mg per Tablet
Artificial Sweetener,Cal X Sachet,Cal X,Sucralose,25's,Sucralose 10 mg per Sachet
Analgesic,Sulidac 200 mg Tablet,Sulidac,Sulindac,20's,Sulindac 100 mg Tablet
Analgesic,Sulidac 100 mg Tablet,Sulidac,Sulindac,50's,Sulindac 200 mg Tablet
Urogenital,Tada 5 mg Tablet,Tada,Tadalafil,5's,Tadalafil 5 mg Tablet
Urogenital,Tada 10 mg Tablet,Tada,Tadalafil,5's,Tadalafil 10 mg Tablet
Urogenital,Tada 20 mg Tablet,Tada,Tadalafil,5's,Tadalafil 20 mg Tablet
Urogenital,Urosin 0.4 mg Capsule,Urosin,Tamsulosin  Hydrochloride,30's,Tamsulosin  Hydrochloride 0.4 mg Capsule
Analgesic,Tapenta 50 mg Tablet,Tapenta,Tapentadol,20's,Tapentadol 50 mg Tablet
Analgesic,Tapenta 75 mg Tablet,Tapenta,Tapentadol,10's,Tapentadol 75 mg Tablet
Analgesic,Tapenta 100 mg Tablet,Tapenta,Tapentadol,10's,Tapentadol 100 mg Tablet
Analgesic,Tenoxim 20 mg Tablet,Tenoxim,Tenoxicam,30's,Tenoxicam 20 mg Tablet
Antifungal,Mycofin 250 mg Tablet,Mycofin,Terbinafin,10's,Terbinafin HCl 250 mg Tablet
Antifungal,Mycofin 5 g Cream,Mycofin,Terbinafin,5 g,Terbinafin HCl 10 mg per g (1% w/w) Cream
Antihypertensive,Dezide Tablet,Dezide,Thiazide + Triamterene,100's,"Triamterene 50 mg, Hydrochlorothiazide 25 mg per Tablet"
Hormonal,Tibonor 2.5 mg Tablet,Tibonor,Tibolone,30's,Tibolone 2.5 mg Tablet
Antispasmodic,Timothy 50 mg Tablet,Timothy,Tiemonium,50's,Tiemonium Methyl Sulfate 50 mg Tablet
Antispasmodic,Timothy 5 mg IM/IV,Timothy,Tiemonium,5's,Tiemonium Methyl Sulfate 5 mg IM/IV Injection
Neurological ,Tufnil 200 mg Tablet,Tufnil,Tolfenamic Acid,40's,Tolfenamic Acid 200 mg Tablet
Muscle Relaxant,Toperin 50 mg Tablet,Toperin,Tolperisone,60's,Tolperisone Hydrochloride 50 mg Tablet
Antifibrinolytic,Fibrino 500 mg Capsule,Fibrino,Tranexamic Acid,18's,Tranexamic Acid 500 mg Capsule
Antifibrinolytic,Fibrino 500 mg IV Injection,Fibrino,Tranexamic Acid,5's,Tranexamic Acid 500 mg IV Injection
Neurological ,Telazine 1 mg Tablet,Telazine,Trifluoperazine,100's,Trifluoperazine  1 mg Tablet
Neurological ,Telazine 5 mg Tablet,Telazine,Trifluoperazine,100's,Trifluoperazine 5 mg Tablet
Antihypertensive,Cardimet 35 mg MR Tablet,Cardimet,Trimetazidine,30's,Trimetazidine  35 mg MR Tablet
Urogenital,Valenty 10 mg Tablet,Valenty,Vardenafil,4's,Vardenafil 10 mg Tablet
Urogenital,Valenty 20 mg Tablet,Valenty,Vardenafil,4's,Vardenafil 20 mg Tablet
Antidiabetic,Vigatin 50 mg Tablet,Vigatin,Vildagliptin,20's,Vildagliptin 50 mg Tablet
Antidiabetic,Vigamet 50/500 mg Tablet,Vigamet,Vildagliptin + Metformin,20's,Vildagliptin 50mg + Metformin 500mg per Tablet
Antidiabetic,Vigamet 50/850 mg Tablet,Vigamet,Vildagliptin + Metformin,18's,Vildagliptin 50mg + Metformin 850mg per Tablet
Neurological ,Vincet Tablet,Vincet,Vinpocetine,50's,Vinpocetine 5 mg Tablet
Vitamin & Mineral,Solbion Tablet ,Solbion,"Vitamin B1, B6, B12",50's,"Vitamin B1 (as Thiamine Mononitrate) 100 mg, Vitamin B6 (as Pyridoxine HCl) 200 mg and Vitamin B12 (as Cyanocobalamin) 200 mcg per Tablet"
Vitamin & Mineral,Solbion 3 mL IM,Solbion,"Vitamin B1, B6, B12",10's,"Thiamine HCl 100 mg, Pyridoxin HCL 100 mg and Cyanocobalamin 1 mg per 3 mL Injection"
Vitamin & Mineral,Solvit-B Tablet,Solvit-B,Vitamin B-Complex,45's,"Thiamine HCl (B1) 5 mg, Riboflavin (B2) 2 mg , Pyridoxin HCL (B6) 2 mg and Nicotinamide 20 mg per Tablet"
Vitamin & Mineral,Solvitone 100 mL Syrup,Solvitone,Vitamin B-Complex,100 mL & 200 mL,"Vitamin B1 (as Thiamine HCl) 5 mg, Vitamin B2 (as Riboflavin 5 Phosphate Sodium) 2 mg, Vitamin B6 (as Pyridoxine HCl 2 mg and Nicotinamide 20 mg per 5 mL Syrup"
Vitamin & Mineral,Mixavit 100 mL Syrup,Mixavit,Vitamin B-Complex + Vitamin C + Vitamin E & Cod Liver Oil,100 mL,"Vitamin A (as Palmitate) 2000 IU, Vitamin B1 (as Thiamine HCl) 0.70 mg, Vitamin B2 (as Riboflavin 5 - Phosphate Sodium) 0.85 mg, Vitamin B6 (as Pyridoxine HCl) 0.35 mg, Vitamin C (as Ascobic acid) 17.50 mg, Vitamin D3 (as Cholecalciferol) 200 IU, Vitamin E (as Acetate) 1.50 mg, Nicotinamide 9.00 mg and Cod liver oil 100.00 mg per 5 mL Syrup"
Vitamin & Mineral,Xinc B Tablet,Xinc B,Zinc  & Vitamin B- Complex,30's,"Elemental Zinc 10 mg per tablet (as Zinc Sulfate Monohydrate) and Thiamine HCl (B1) 5 mg, Riboflavin (B2) 2 mg, Pyridoxin HCL (B6) 2 mg, and Nicotinamide 20 mg per Tablet"
Vitamin & Mineral,Xinc B 100 mL Syrup,Xinc B,Zinc  & Vitamin B- Complex,100 mL & 200 mL,"Zinc Sulphate Monohydrate equivalent to 10 mg elemental Zinc, Vitamin B1 (as Thiamine HCl) 5 mg, Vitamin B2 (as Riboflavin 5 Phosphate Sodium) 2 mg, Vitamin B6 (as Pyridoxine HCl) 2 mg and Nicotinamide 20 mg per 5 mL Syrup"
Vitamin & Mineral,Xinc 100 mL Syrup,Xinc,Zinc Sulfate,100 mL,Zinc Sulphate Monohydrate equivalent to 10 mg elemental Zinc per 5 mL Syrup
Dermatological Preparation,Softi 15 g Ointment,Softi,Zinc Oxide + Virgin Castor Oil,15g & 50g,Zinc Oxide 75 mg + Virgin Castor Oil  per g Ointment 
Vitamin & Mineral,Xinc 20 mg Tablet,Xinc,Zinc Sulfate,60's,Elemental Zinc 20 mg per Tablet (as Zinc Sulfate Monohydrate)
Vitamin & Mineral,Xinc 200 mL Syrup,Xinc,Zinc Sulfate,200 mL,Zinc Sulphate Monohydrate equivalent to 10 mg elemental Zinc per 5 mL Syrup
Haematinics,Feozin FC Tablet,Feozin,Zinc + Folic Acid ,100's,Folic acid 5 mg and Zinc Sulfate Monohydrate equivalent to elemental zinc 20 mg per Tablet
